{
    "report_title": "An Example Campaign Report",
    "report_number": "CR-123",
    "sensitivity": "Unknown",
    "traffic_light_protocol": "clear",
    "criticality": "fysa",
    "executive_summary": "Lorem ipsum dolor sit amet, consectetur adipiscing elit. Integer quis neque id purus convallis lobortis. Cras imperdiet ipsum ut quam scelerisque facilisis. Nunc tincidunt tellus arcu, vel dapibus ante tempus a. In hac habitasse platea dictumst. Nunc aliquet et massa quis consectetur. Curabitur quis erat vel quam volutpat tempus quis sed lectus. Ut rhoncus eget sem sit amet convallis. Vestibulum ante ipsum primis in faucibus orci luctus et ultrices posuere cubilia curae; Ut mattis quis mauris ac posuere. Nunc at augue felis.",
    "key_points": "Lorem ipsum dolor sit amet, consectetur adipiscing elit. Integer quis neque id purus convallis lobortis. Cras imperdiet ipsum ut quam scelerisque facilisis.\n\nNunc tincidunt tellus arcu, vel dapibus ante tempus a. In hac habitasse platea dictumst. Nunc aliquet et massa quis consectetur. Curabitur quis erat vel quam volutpat tempus quis sed lectus.\n\nUt rhoncus eget sem sit amet convallis. Vestibulum ante ipsum primis in faucibus orci luctus et ultrices posuere cubilia curae; Ut mattis quis mauris ac posuere. Nunc at augue felis.",
    "assessment": "Quisque quis ligula sit amet tellus imperdiet accumsan. In hac habitasse platea dictumst. Nam maximus posuere nibh, vestibulum bibendum neque. Fusce sit amet velit in ante viverra semper vitae ac enim. Etiam vulputate metus quam, quis varius dui sollicitudin a. Pellentesque vulputate vitae augue ac bibendum. Quisque massa lacus, posuere vel nunc ac, euismod pellentesque est. Cras suscipit venenatis vehicula. Fusce elementum libero id libero pellentesque consequat. Praesent egestas magna nisi, ut molestie neque efficitur at. Morbi malesuada nisl urna, ut hendrerit tellus lobortis sed. Cras leo sem, tempor a quam ut, egestas porta velit. Lorem ipsum dolor sit amet, consectetur adipiscing elit. In a lectus malesuada elit suscipit sollicitudin.",
    "intelligence_gaps": "Nulla iaculis ut nisl in mattis. Pellentesque dapibus nisi quis sollicitudin molestie. Ut eu nisi scelerisque, pretium augue eu, egestas massa. Ut odio nulla, luctus eget ante gravida, commodo pulvinar nibh. Morbi consequat, sapien imperdiet bibendum vestibulum, dolor lacus varius risus",
    "mitre_attack_table": [
        {
            "attribution": "VTX-123",
            "tactic": "TA0001",
            "technique": "T1005",
            "sub_technique": "T1001.003",
            "procedure": "Pellentesque dapibus nisi quis sollicitudin molestie. Ut eu nisi scelerisque, pretium augue eu, egestas massa. Ut odio nulla, luctus eget ante gravida, commodo pulvinar nibh.",
            "control": "Nulla iaculis ut nisl in mattis. ",
            "defend": "https://d3fend.mitre.org/offensive-technique/attack/T1001.003/"
        },
        {
            "attribution": "VTX-123",
            "tactic": "TA0003",
            "technique": "T1006",
            "sub_technique": null,
            "procedure": "Morbi vitae nisl diam. Class aptent taciti sociosqu ad litora torquent per conubia nostra, per inceptos himenaeos. Vestibulum ac nisl fermentum, volutpat ex vel, sodales erat. Suspendisse sem mi, hendrerit vitae euismod ac, ultrices sit amet leo. Sed dapibus ante in sem facilisis, vel semper lectus vestibulum.",
            "control": "Morbi consequat, sapien imperdiet.",
            "defend": "https://d3fend.mitre.org/offensive-technique/attack/T1006/"
        }
    ],
    "timeline": [
        {
            "attribution": "VTX-123",
            "start_date": "2023-02-13T10:00:00.000Z",
            "end_date": "2023-02-14T11:00:00.000Z",
            "location": "USA",
            "sector": "NAICS 443",
            "activity": "Quisque quis ligula sit amet tellus imperdiet accumsan. In hac habitasse platea dictumst. Nam maximus posuere nibh, vestibulum bibendum neque. Fusce sit amet velit in ante viverra semper vitae ac enim. Etiam vulputate metus quam, quis varius dui sollicitudin a. Pellentesque vulputate vitae augue ac bibendum. "
        },
        {
            "attribution": "VTX-123",
            "start_date": "2023-03-10T01:00:00.000Z",
            "end_date": "2023-03-12T01:10:00.000Z",
            "location": "USA",
            "sector": "NAICS 481",
            "activity": "Lorem ipsum dolor sit amet, consectetur adipiscing elit. Integer quis neque id purus convallis lobortis. Cras imperdiet ipsum ut quam scelerisque facilisis. Nunc tincidunt tellus arcu, vel dapibus ante tempus a. In hac habitasse platea dictumst. Nunc aliquet et massa quis consectetur. Curabitur quis erat vel quam volutpat tempus quis sed lectus. "
        },
        {
            "attribution": "VTX-123",
            "start_date": "2023-04-28T00:00:00.000Z",
            "end_date": "2023-04-28T12:00:00.000Z",
            "location": "USA",
            "sector": "NAICS 311",
            "activity": "Duis iaculis malesuada orci id consequat. In mauris sapien, feugiat nec eros a, congue dictum enim. Ut vulputate, mauris et blandit condimentum, neque orci tincidunt nisl, sodales porta orci urna a velit. Quisque at facilisis justo. Vestibulum elementum scelerisque eros eu ullamcorper. Integer semper felis quam, in dapibus neque euismod in."
        }
    ],
    "iocs": {
        "malware": [
            {
                "attribution": "VTX-123",
                "ioc_malware_name": "bad_malware.exe",
                "ioc_malware_sandbox": "Morbi vitae nisl diam.",
                "ioc_malware_hash_type": "SHA256",
                "ioc_malware_hash": "5b62f19431f5f069dd245cdd6fa11d55b905290c2493d5b9c17a4b9f10260cd4",
                "ioc_associated_file_hash": "e86d4849b250f27bfbf994c9eb2cee826a1777e764c631b7ab16b72528f7b690",
                "ioc_malware_description": "Nulla iaculis ut nisl in mattis. Pellentesque dapibus nisi quis sollicitudin molestie. Ut eu nisi scelerisque, pretium augue eu, egestas massa. Ut odio nulla, luctus eget ante gravida, commodo pulvinar nibh. Morbi consequat, sapien imperdiet bibendum vestibulum, dolor lacus varius risus, ut facilisis orci mauris a ligula. Phasellus blandit euismod magna ornare tempor. Sed pharetra elit sit amet nisl tempus, sit amet finibus quam laoreet.",
                "first_reported": "2023-04-28T00:00:00.000Z",
                "last_reported": "2023-04-29T00:00:00.000Z"
            }
        ],
        "network": [
            {
                "attribution": "VTX-123",
                "network_intrusion_phase": "TA0001",
                "artifact": "10.10.20.132",
                "details": "Nulla iaculis ut nisl in mattis. Pellentesque dapibus nisi quis sollicitudin molestie. Ut eu nisi scelerisque, pretium augue eu, egestas massa. Ut odio nulla, luctus eget ante gravida, commodo pulvinar nibh.",
                "first_reported": "2023-02-14T10:00:00.000Z",
                "last_reported": "2023-04-28T00:00:00.000Z"
            }
        ],
        "system_artifacts": [
            {
                "attribution": "VTX-123",
                "tactic": "TA0001",
                "artifact": "bad_malware.dll",
                "type": "Dynamic Linked Library",
                "details": "Nulla iaculis ut nisl in mattis. Pellentesque dapibus nisi quis sollicitudin molestie. Ut eu nisi scelerisque, pretium augue eu, egestas massa. Ut odio nulla, luctus eget ante gravida, commodo pulvinar nibh.",
                "first_reported": "2023-02-14T10:00:00.000Z",
                "last_reported": "2023-04-28T00:00:00.000Z"
            }
        ],
        "cves": [
            {
                "attribution": "VTX-123",
                "cve_number": "CVE-2023-20082",
                "cve_patch_available": "Yes",
                "cve_cvss_score": 10,
                "cve_patch_applied": "No",
                "date_reported": "2023-04-28T00:00:00.000Z",
                "cve_remediation": "Morbi vitae nisl diam. Class aptent taciti sociosqu ad litora torquent per conubia nostra, per inceptos himenaeos. Vestibulum ac nisl fermentum, volutpat ex vel, sodales erat. Suspendisse sem mi, hendrerit vitae euismod ac, ultrices sit amet leo. Sed dapibus ante in sem facilisis, vel semper lectus vestibulum."
            }
        ]
    },
    "signatures": [
        {
            "attribution": "VTX-123",
            "ioc_malware_name": "bad_malware.exe",
            "signature_description": "Morbi vitae nisl diam. Class aptent taciti sociosqu ad litora torquent per conubia nostra, per inceptos himenaeos. Vestibulum ac nisl fermentum, volutpat ex vel, sodales erat. Suspendisse sem mi, hendrerit vitae euismod ac, ultrices sit amet leo. Sed dapibus ante in sem facilisis, vel semper lectus vestibulum."
        }
    ],
    "intelligence_requirements": [
        {
            "intelligence_requirement": "S-TA-2"
        },
        {
            "intelligence_requirement": "OP-1"
        }
    ],
    "data_sources": {
        "report_citations": [
            {
                "description": "Morbi vitae nisl diam. Class aptent taciti sociosqu ad litora torquent per conubia nostra, per inceptos himenaeos.",
                "hyperlink": "www.google.com"
            },
            {
                "description": "Vestibulum ac nisl fermentum, volutpat ex vel, sodales erat. Suspendisse sem mi, hendrerit vitae euismod ac, ultrices sit amet leo.",
                "hyperlink": "www.google.com"
            }
        ],
        "internal_telemetry": [
            {
                "internal_telemetry": "Nulla iaculis ut nisl in mattis. Pellentesque dapibus nisi quis sollicitudin molestie. Ut eu nisi scelerisque, pretium augue eu, egestas massa. Ut odio nulla, luctus eget ante gravida, commodo pulvinar nibh. Morbi consequat, sapien imperdiet bibendum vestibulum, dolor lacus varius risus,"
            },
            {
                "internal_telemetry": "Ut facilisis orci mauris a ligula. Phasellus blandit euismod magna ornare tempor. Sed pharetra elit sit amet nisl tempus, sit amet finibus quam laoreet."
            }
        ]
    },
    "metadata": {
        "threat_actors": [
            {
                "threat_actor_name": "VTX-123",
                "threat_actor_aliases": "VTX, VeeTeeEx"
            }
        ],
        "victim_location": [
            {
                "location": "USA"
            }
        ],
        "sectors": [
            {
                "sector": "NAICS 311"
            },
            {
                "sector": "NAICS 481"
            },
            {
                "sector": "NAICS 443"
            }
        ],
        "infrastructure_used": [
            {
                "infrastructure": "Ut ultricies nulla quis odio ultrices congue."
            }
        ],
        "threat_actor_motivation": [
            {
                "threat_actor_motivation": "Data Theft"
            },
            {
                "threat_actor_motivation": "Espionage"
            }
        ]
    },
    "report_date": "2023-06-09T06:59:08.221Z",
    "__document": {
        "authoring_tool_version": "0.1.3",
        "template_name": "Campaign Report",
        "template_version": "0.1.0",
        "template_identifier": "a2d30a3c-49b5-42e5-a4cb-649009fa4c9d"
    }
}